number,linux_name,status,dispatch_macros,dispatch_handlers,kernel_macros_at_number,musl_mapping,legacy_alias_if_enabled,test_covered,notes
0,read,native-ok,SYS_read_x86,sys_vfs_read,SYS_read_x86,SYS_read=0,,yes,native number is wired to matching handler
1,write,native-ok,SYS_write_x86,sys_vfs_write,SYS_write_x86,SYS_write=1,,yes,native number is wired to matching handler
2,open,struct-risk,SYS_open_x86,sys_vfs_open,SYS_open_x86,SYS_open=2,,yes,native number is wired; audit structs/flags/semantics
3,close,native-ok,SYS_close_x86,sys_vfs_close,SYS_close_x86,SYS_close=3,,yes,native number is wired to matching handler
4,stat,struct-risk,SYS_stat_x86,sys_vfs_stat,SYS_stat_x86,SYS_stat=4;SYS_newfstatat=262,,yes,native number is wired; audit structs/flags/semantics
5,fstat,struct-risk,SYS_fstat_x86,sys_vfs_fstat,SYS_fstat_x86,SYS_fstat=5,,yes,native number is wired; audit structs/flags/semantics
6,lstat,struct-risk,SYS_lstat_x86,sys_vfs_lstat,SYS_lstat_x86,SYS_lstat=6,,yes,native number is wired; audit structs/flags/semantics
7,poll,struct-risk,SYS_poll_x86,sys_vfs_poll,SYS_poll_x86,SYS_poll=7,,yes,native number is wired; audit structs/flags/semantics
8,lseek,native-ok,SYS_lseek_x86,sys_vfs_lseek,SYS_lseek_x86,SYS_lseek=8,,yes,native number is wired to matching handler
9,mmap,struct-risk,SYS_mmap_x86,sys_mmap,SYS_mmap_x86,SYS_mmap=9,,yes,native number is wired; audit structs/flags/semantics
10,mprotect,struct-risk,SYS_mprotect_x86,sys_mprotect,SYS_mprotect_x86,SYS_mprotect=10,,yes,native number is wired; audit structs/flags/semantics
11,munmap,struct-risk,SYS_munmap_x86,sys_munmap,SYS_munmap_x86,SYS_munmap=11,,yes,native number is wired; audit structs/flags/semantics
12,brk,native-ok,SYS_brk_x86,sys_brk,SYS_brk_x86,SYS_brk=12,,no,native number is wired to matching handler
13,rt_sigaction,struct-risk,SYS_rt_sigaction_x86,sys_rt_sigaction,SYS_rt_sigaction_x86,SYS_rt_sigaction=13,,yes,native number is wired; audit structs/flags/semantics
14,rt_sigprocmask,native-ok,SYS_rt_sigprocmask_x86,sys_rt_sigprocmask,SYS_rt_sigprocmask_x86,SYS_rt_sigprocmask=14,,yes,native number is wired to matching handler
15,rt_sigreturn,native-ok,SYS_rt_sigreturn_x86,sys_sigreturn,SYS_rt_sigreturn_x86,SYS_rt_sigreturn=15,,yes,native number is wired to matching handler
16,ioctl,struct-risk,SYS_ioctl_x86,sys_vfs_ioctl,SYS_ioctl_x86,SYS_ioctl=16,,yes,native number is wired; audit structs/flags/semantics
17,pread64,native-ok,SYS_pread64_x86,sys_vfs_pread64,SYS_pread64_x86,SYS_pread64=17,,yes,native number is wired to matching handler
18,pwrite64,native-ok,SYS_pwrite64_x86,sys_vfs_pwrite64,SYS_pwrite64_x86,SYS_pwrite64=18,,no,native number is wired to matching handler
19,readv,struct-risk,SYS_readv_x86,sys_vfs_readv,SYS_readv_x86,SYS_readv=19,,no,native number is wired; audit structs/flags/semantics
20,writev,struct-risk,SYS_writev_x86,sys_vfs_writev,SYS_writev_x86,SYS_writev=20,,no,native number is wired; audit structs/flags/semantics
21,access,native-ok,SYS_access_x86,sys_vfs_access,SYS_access_x86,SYS_access=21,,no,native number is wired to matching handler
22,pipe,struct-risk,SYS_pipe_x86,sys_vfs_pipe,SYS_pipe_x86,SYS_pipe=22,,yes,native number is wired; audit structs/flags/semantics
23,select,unsupported-ok,,,,SYS_select=23,,no,unmapped default dispatch returns ENOSYS
24,sched_yield,native-ok,SYS_sched_yield_x86,sys_sched_yield,SYS_sched_yield_x86,SYS_sched_yield=24,,no,native number is wired to matching handler
25,mremap,struct-risk,SYS_mremap_x86,sys_mremap,SYS_mremap_x86,SYS_mremap=25,,yes,native number is wired; audit structs/flags/semantics
26,msync,struct-risk,SYS_msync_x86,sys_msync,SYS_msync_x86,SYS_msync=26,,yes,native number is wired; audit structs/flags/semantics
27,mincore,struct-risk,SYS_mincore_x86,sys_mincore,SYS_mincore_x86,SYS_mincore=27,,yes,native number is wired; audit structs/flags/semantics
28,madvise,struct-risk,SYS_madvise_x86,sys_madvise,SYS_madvise_x86,SYS_madvise=28,,yes,native number is wired; audit structs/flags/semantics
29,shmget,native-ok,SYS_shmget_x86,sys_shmget,SYS_shmget_x86,SYS_shmget=29,,no,native number is wired to matching handler
30,shmat,native-ok,SYS_shmat_x86,sys_shmat,SYS_shmat_x86,SYS_shmat=30,,no,native number is wired to matching handler
31,shmctl,native-ok,SYS_shmctl_x86,sys_shmctl,SYS_shmctl_x86,SYS_shmctl=31,,no,native number is wired to matching handler
32,dup,native-ok,SYS_dup_x86,sys_vfs_dup,SYS_dup_x86,SYS_dup=32,,yes,native number is wired to matching handler
33,dup2,native-ok,SYS_dup2_x86,sys_vfs_dup2,SYS_dup2_x86,SYS_dup2=33,,yes,native number is wired to matching handler
34,pause,native-ok,SYS_pause_x86,sys_pause,SYS_pause_x86,SYS_pause=34,,no,native number is wired to matching handler
35,nanosleep,native-ok,SYS_nanosleep_x86,sys_nanosleep,SYS_nanosleep_x86,SYS_nanosleep=35,,no,native number is wired to matching handler
36,getitimer,native-ok,SYS_getitimer_x86,sys_getitimer,SYS_getitimer_x86,SYS_getitimer=36,,no,native number is wired to matching handler
37,alarm,native-ok,SYS_alarm_x86,sys_alarm,SYS_alarm_x86,SYS_alarm=37,,no,native number is wired to matching handler
38,setitimer,native-ok,SYS_setitimer_x86,sys_setitimer,SYS_setitimer_x86,SYS_setitimer=38,,yes,native number is wired to matching handler
39,getpid,native-ok,SYS_getpid_x86,sys_getpid,SYS_getpid_x86,SYS_getpid=39,,no,native number is wired to matching handler
40,sendfile,native-ok,SYS_sendfile_x86,sys_sendfile,SYS_sendfile_x86,SYS_sendfile=40,,no,native number is wired to matching handler
41,socket,native-ok,SYS_socket_x86,sys_socket,SYS_socket_x86,SYS_socket=41,,no,native number is wired to matching handler
42,connect,struct-risk,SYS_connect_x86,sys_sconnect,SYS_connect_x86,SYS_connect=42,,yes,native number is wired; audit structs/flags/semantics
43,accept,struct-risk,SYS_accept_x86,sys_accept,SYS_accept_x86,SYS_accept=43,,no,native number is wired; audit structs/flags/semantics
44,sendto,struct-risk,SYS_sendto_x86,sys_sendto,SYS_sendto_x86,SYS_sendto=44,,no,native number is wired; audit structs/flags/semantics
45,recvfrom,struct-risk,SYS_recvfrom_x86,sys_recvfrom,SYS_recvfrom_x86,SYS_recvfrom=45,,no,native number is wired; audit structs/flags/semantics
46,sendmsg,struct-risk,SYS_sendmsg_x86,sys_sendmsg,SYS_sendmsg_x86,SYS_sendmsg=46,,no,native number is wired; audit structs/flags/semantics
47,recvmsg,struct-risk,SYS_recvmsg_x86,sys_recvmsg,SYS_recvmsg_x86,SYS_recvmsg=47,,no,native number is wired; audit structs/flags/semantics
48,shutdown,native-ok,SYS_shutdown_x86,sys_shutdown,SYS_shutdown_x86,SYS_shutdown=48,,no,native number is wired to matching handler
49,bind,native-ok,SYS_bind_x86,sys_bind,SYS_bind_x86,SYS_bind=49,,no,native number is wired to matching handler
50,listen,native-ok,SYS_listen_x86,sys_listen,SYS_listen_x86,SYS_listen=50,,no,native number is wired to matching handler
51,getsockname,struct-risk,SYS_getsockname_x86,sys_getsockname,SYS_getsockname_x86,SYS_getsockname=51,,no,native number is wired; audit structs/flags/semantics
52,getpeername,struct-risk,SYS_getpeername_x86,sys_getpeername,SYS_getpeername_x86,SYS_getpeername=52,,no,native number is wired; audit structs/flags/semantics
53,socketpair,native-ok,SYS_socketpair_x86,sys_socketpair,SYS_socketpair_x86,SYS_socketpair=53,,no,native number is wired to matching handler
54,setsockopt,struct-risk,SYS_setsockopt_x86,sys_setsockopt,SYS_setsockopt_x86,SYS_setsockopt=54,,no,native number is wired; audit structs/flags/semantics
55,getsockopt,struct-risk,SYS_getsockopt_x86,sys_getsockopt,SYS_getsockopt_x86,SYS_getsockopt=55,,no,native number is wired; audit structs/flags/semantics
56,clone,struct-risk,SYS_clone_x86,sys_clone,SYS_clone_x86,SYS_clone=56,,no,native number is wired; audit structs/flags/semantics
57,fork,unsupported-ok,,,,SYS_fork=57,,no,unmapped default dispatch returns ENOSYS
58,vfork,native-ok,SYS_vfork_x86,sys_vfork,SYS_vfork_x86,SYS_vfork=58,,no,native number is wired to matching handler
59,execve,native-ok,SYS_execve_x86,sys_exec,SYS_execve_x86,SYS_execve=59,,no,native number is wired to matching handler
60,exit,native-ok,SYS_exit_x86,sys_exit,SYS_exit_x86,SYS_exit=60,,yes,native number is wired to matching handler
61,wait4,native-ok,SYS_wait4_x86,sys_waitpid,SYS_wait4_x86,SYS_wait4=61,,no,native number is wired to matching handler
62,kill,native-ok,SYS_kill_x86,sys_kill,SYS_kill_x86,SYS_kill=62,,no,native number is wired to matching handler
63,uname,struct-risk,SYS_uname_x86,sys_uname,SYS_uname_x86,SYS_uname=63,,no,native number is wired; audit structs/flags/semantics
64,semget,native-ok,SYS_semget_x86,sys_semget,SYS_semget_x86,SYS_semget=64,,no,native number is wired to matching handler
65,semop,native-ok,SYS_semop_x86,sys_semop,SYS_semop_x86,SYS_semop=65,,no,native number is wired to matching handler
66,semctl,native-ok,SYS_semctl_x86,sys_semctl,SYS_semctl_x86,SYS_semctl=66,,no,native number is wired to matching handler
67,shmdt,native-ok,SYS_shmdt_x86,sys_shmdt,SYS_shmdt_x86,SYS_shmdt=67,,no,native number is wired to matching handler
68,msgget,native-ok,SYS_msgget_x86,sys_msgget,SYS_msgget_x86,SYS_msgget=68,SYS_brk(1268),no,native number is wired to matching handler
69,msgsnd,native-ok,SYS_msgsnd_x86,sys_msgsnd,SYS_msgsnd_x86,SYS_msgsnd=69,SYS_futex(1269),no,native number is wired to matching handler
70,msgrcv,native-ok,SYS_msgrcv_x86,sys_msgrcv,SYS_msgrcv_x86,SYS_msgrcv=70,SYS_sigaction(1270),no,native number is wired to matching handler
71,msgctl,native-ok,SYS_msgctl_x86,sys_msgctl,SYS_msgctl_x86,SYS_msgctl=71,SYS_sigreturn(1271),no,native number is wired to matching handler
72,fcntl,struct-risk,SYS_fcntl_x86,sys_vfs_fcntl,SYS_fcntl_x86,SYS_fcntl=72,SYS_sigpending(1272),no,native number is wired; audit structs/flags/semantics
73,flock,native-ok,SYS_flock_x86,sys_flock,SYS_flock_x86,SYS_flock=73,SYS_sigprocmask(1273),no,native number is wired to matching handler
74,fsync,native-ok,SYS_fsync_x86,sys_vfs_fsync,SYS_fsync_x86,SYS_fsync=74,,no,native number is wired to matching handler
75,fdatasync,native-ok,SYS_fdatasync_x86,sys_vfs_fdatasync,SYS_fdatasync_x86,SYS_fdatasync=75,SYS_sigsuspend(1275),no,native number is wired to matching handler
76,truncate,unsupported-ok,,,,SYS_truncate=76,SYS_sigwait(1276),no,legacy alias exists in disabled compatibility block; default dispatch is ENOSYS
77,ftruncate,native-ok,SYS_ftruncate_x86,sys_vfs_ftruncate,SYS_ftruncate_x86,SYS_ftruncate=77,,no,native number is wired to matching handler
78,getdents,struct-risk,SYS_getdents_x86,sys_getdents_compat,SYS_getdents_x86,SYS_getdents=78,,yes,native number is wired; audit structs/flags/semantics
79,getcwd,native-ok,SYS_getcwd_x86,sys_getcwd,SYS_getcwd_x86,SYS_getcwd=79,,yes,native number is wired to matching handler
80,chdir,native-ok,SYS_chdir_x86,sys_vfs_chdir,SYS_chdir_x86,SYS_chdir=80,,no,native number is wired to matching handler
81,fchdir,unsupported-ok,,,,SYS_fchdir=81,,no,unmapped default dispatch returns ENOSYS
82,rename,native-ok,SYS_rename_x86,sys_vfs_rename,SYS_rename_x86,SYS_rename=82,,no,native number is wired to matching handler
83,mkdir,native-ok,SYS_mkdir_x86,sys_vfs_mkdir,SYS_mkdir_x86,SYS_mkdir=83,,no,native number is wired to matching handler
84,rmdir,unsupported-ok,,,,SYS_rmdir=84,,no,unmapped default dispatch returns ENOSYS
85,creat,unsupported-ok,,,,SYS_creat=85,,no,unmapped default dispatch returns ENOSYS
86,link,native-ok,SYS_link_x86,sys_vfs_link,SYS_link_x86,SYS_link=86,,no,native number is wired to matching handler
87,unlink,native-ok,SYS_unlink_x86,sys_vfs_unlink,SYS_unlink_x86,SYS_unlink=87,,no,native number is wired to matching handler
88,symlink,native-ok,SYS_symlink_x86,sys_vfs_symlink,SYS_symlink_x86,SYS_symlink=88,,no,native number is wired to matching handler
89,readlink,native-ok,SYS_readlink_x86,sys_vfs_readlink,SYS_readlink_x86,SYS_readlink=89,,yes,native number is wired to matching handler
90,chmod,unsupported-ok,,,,SYS_chmod=90,,no,unmapped default dispatch returns ENOSYS
91,fchmod,native-ok,SYS_fchmod_x86,sys_vfs_fchmod,SYS_fchmod_x86,SYS_fchmod=91,,no,native number is wired to matching handler
92,chown,unsupported-ok,,,,SYS_chown=92,,no,unmapped default dispatch returns ENOSYS
93,fchown,native-ok,SYS_fchown_x86,sys_vfs_fchown,SYS_fchown_x86,SYS_fchown=93,,yes,native number is wired to matching handler
94,lchown,unsupported-ok,,,,SYS_lchown=94,,no,unmapped default dispatch returns ENOSYS
95,umask,native-ok,SYS_umask_x86,sys_umask,SYS_umask_x86,SYS_umask=95,,no,native number is wired to matching handler
96,gettimeofday,native-ok,SYS_gettimeofday_x86,sys_gettimeofday,SYS_gettimeofday_x86,SYS_gettimeofday=96,,yes,native number is wired to matching handler
97,getrlimit,struct-risk,SYS_getrlimit_x86,sys_getrlimit,SYS_getrlimit_x86,SYS_getrlimit=97,,no,native number is wired; audit structs/flags/semantics
98,getrusage,struct-risk,SYS_getrusage_x86,sys_getrusage,SYS_getrusage_x86,SYS_getrusage=98,,no,native number is wired; audit structs/flags/semantics
99,sysinfo,struct-risk,SYS_sysinfo_x86,sys_sysinfo,SYS_sysinfo_x86,SYS_sysinfo=99,,yes,native number is wired; audit structs/flags/semantics
100,times,unsupported-ok,,,,SYS_times=100,SYS_socket(1300),yes,legacy alias exists in disabled compatibility block; default dispatch is ENOSYS
101,ptrace,unsupported-ok,,,,SYS_ptrace=101,SYS_bind(1301),yes,legacy alias exists in disabled compatibility block; default dispatch is ENOSYS
102,getuid,native-ok,SYS_getuid_x86,sys_getuid,SYS_getuid_x86,SYS_getuid=102,SYS_listen(1302),yes,native number is wired to matching handler
103,syslog,unsupported-ok,,,,SYS_syslog=103,SYS_accept(1303),yes,legacy alias exists in disabled compatibility block; default dispatch is ENOSYS
104,getgid,native-ok,SYS_getgid_x86,sys_getgid,SYS_getgid_x86,SYS_getgid=104,SYS_sconnect(1304),yes,native number is wired to matching handler
105,setuid,native-ok,SYS_setuid_x86,sys_setuid,SYS_setuid_x86,SYS_setuid=105,SYS_sendto(1305),no,native number is wired to matching handler
106,setgid,native-ok,SYS_setgid_x86,sys_setgid,SYS_setgid_x86,SYS_setgid=106,SYS_recvfrom(1306),no,native number is wired to matching handler
107,geteuid,native-ok,SYS_geteuid_x86,sys_geteuid,SYS_geteuid_x86,SYS_geteuid=107,SYS_setsockopt(1307),yes,native number is wired to matching handler
108,getegid,native-ok,SYS_getegid_x86,sys_getegid,SYS_getegid_x86,SYS_getegid=108,SYS_getsockopt(1308),yes,native number is wired to matching handler
109,setpgid,native-ok,SYS_setpgid_x86,sys_setpgid,SYS_setpgid_x86,SYS_setpgid=109,SYS_shutdown(1309),no,native number is wired to matching handler
110,getppid,native-ok,SYS_getppid_x86,sys_getppid,SYS_getppid_x86,SYS_getppid=110,SYS_getpeername(1310),yes,native number is wired to matching handler
111,getpgrp,unsupported-ok,,,,SYS_getpgrp=111,SYS_getsockname(1311),yes,legacy alias exists in disabled compatibility block; default dispatch is ENOSYS
112,setsid,native-ok,SYS_setsid_x86,sys_setsid,SYS_setsid_x86,SYS_setsid=112,SYS_sendmsg(1312),no,native number is wired to matching handler
113,setreuid,native-ok,SYS_setreuid_x86,sys_setreuid,SYS_setreuid_x86,SYS_setreuid=113,SYS_recvmsg(1313),yes,native number is wired to matching handler
114,setregid,native-ok,SYS_setregid_x86,sys_setregid,SYS_setregid_x86,SYS_setregid=114,SYS_accept4(1314),yes,native number is wired to matching handler
115,getgroups,struct-risk,SYS_getgroups_x86,sys_getgroups,SYS_getgroups_x86,SYS_getgroups=115,SYS_sendfile(1315),no,native number is wired; audit structs/flags/semantics
116,setgroups,struct-risk,SYS_setgroups_x86,sys_setgroups,SYS_setgroups_x86,SYS_setgroups=116,,no,native number is wired; audit structs/flags/semantics
117,setresuid,native-ok,SYS_setresuid_x86,sys_setresuid,SYS_setresuid_x86,SYS_setresuid=117,,no,native number is wired to matching handler
118,getresuid,struct-risk,SYS_getresuid_x86,sys_getresuid,SYS_getresuid_x86,SYS_getresuid=118,,yes,native number is wired; audit structs/flags/semantics
119,setresgid,native-ok,SYS_setresgid_x86,sys_setresgid,SYS_setresgid_x86,SYS_setresgid=119,,no,native number is wired to matching handler
120,getresgid,struct-risk,SYS_getresgid_x86,sys_getresgid,SYS_getresgid_x86,SYS_getresgid=120,SYS_openat(1320),yes,native number is wired; audit structs/flags/semantics
121,getpgid,native-ok,SYS_getpgid_x86,sys_getpgid,SYS_getpgid_x86,SYS_getpgid=121,SYS_writev(1321),no,native number is wired to matching handler
122,setfsuid,unsupported-ok,,,,SYS_setfsuid=122,SYS_readv(1322),yes,legacy alias exists in disabled compatibility block; default dispatch is ENOSYS
123,setfsgid,unsupported-ok,,,,SYS_setfsgid=123,SYS_set_tid_address(1323),yes,legacy alias exists in disabled compatibility block; default dispatch is ENOSYS
124,getsid,native-ok,SYS_getsid_x86,sys_getsid,SYS_getsid_x86,SYS_getsid=124,SYS_clock_gettime(1324),no,native number is wired to matching handler
125,capget,unsupported-ok,,,,SYS_capget=125,SYS_clock_getres(1325),yes,legacy alias exists in disabled compatibility block; default dispatch is ENOSYS
126,capset,unsupported-ok,,,,SYS_capset=126,SYS_pread64(1326),yes,legacy alias exists in disabled compatibility block; default dispatch is ENOSYS
127,rt_sigpending,struct-risk,SYS_rt_sigpending_x86,sys_rt_sigpending,SYS_rt_sigpending_x86,SYS_rt_sigpending=127,SYS_pwrite64(1327),yes,native number is wired; audit structs/flags/semantics
128,rt_sigtimedwait,struct-risk,SYS_rt_sigtimedwait_x86,sys_rt_sigtimedwait,SYS_rt_sigtimedwait_x86,SYS_rt_sigtimedwait=128,SYS_fstatat(1328),yes,native number is wired; audit structs/flags/semantics
129,rt_sigqueueinfo,struct-risk,SYS_rt_sigqueueinfo_x86,sys_rt_sigqueueinfo,SYS_rt_sigqueueinfo_x86,SYS_rt_sigqueueinfo=129,SYS_pipe2(1329),no,native number is wired; audit structs/flags/semantics
130,rt_sigsuspend,struct-risk,SYS_rt_sigsuspend_x86,sys_rt_sigsuspend,SYS_rt_sigsuspend_x86,SYS_rt_sigsuspend=130,SYS_mkdirat(1330),yes,native number is wired; audit structs/flags/semantics
131,sigaltstack,struct-risk,SYS_sigaltstack_x86,sys_sigaltstack,SYS_sigaltstack_x86,SYS_sigaltstack=131,SYS_mknodat(1331),no,native number is wired; audit structs/flags/semantics
132,utime,unsupported-ok,,,,SYS_utime=132,SYS_unlinkat(1332),yes,legacy alias exists in disabled compatibility block; default dispatch is ENOSYS
133,mknod,native-ok,SYS_mknod_x86,sys_vfs_mknod,SYS_mknod_x86,SYS_mknod=133,SYS_linkat(1333),no,native number is wired to matching handler
134,uselib,unsupported-ok,,,,SYS_uselib=134,SYS_symlinkat(1334),yes,legacy alias exists in disabled compatibility block; default dispatch is ENOSYS
135,personality,unsupported-ok,,,,SYS_personality=135,SYS_readlinkat(1335),yes,legacy alias exists in disabled compatibility block; default dispatch is ENOSYS
136,ustat,unsupported-ok,,,,SYS_ustat=136,SYS_renameat(1336),yes,legacy alias exists in disabled compatibility block; default dispatch is ENOSYS
137,statfs,struct-risk,SYS_statfs_x86,sys_statfs,SYS_statfs_x86,SYS_statfs=137,SYS_faccessat(1337),yes,native number is wired; audit structs/flags/semantics
138,fstatfs,struct-risk,SYS_fstatfs_x86,sys_fstatfs,SYS_fstatfs_x86,SYS_fstatfs=138,SYS_dup3(1338),no,native number is wired; audit structs/flags/semantics
139,sysfs,unsupported-ok,,,,SYS_sysfs=139,SYS_getuid(1339),yes,legacy alias exists in disabled compatibility block; default dispatch is ENOSYS
140,getpriority,native-ok,SYS_getpriority_x86,sys_getpriority,SYS_getpriority_x86,SYS_getpriority=140,SYS_geteuid(1340),no,native number is wired to matching handler
141,setpriority,native-ok,SYS_setpriority_x86,sys_setpriority,SYS_setpriority_x86,SYS_setpriority=141,SYS_getgid(1341),no,native number is wired to matching handler
142,sched_setparam,unsupported-ok,,,,SYS_sched_setparam=142,SYS_getegid(1342),yes,legacy alias exists in disabled compatibility block; default dispatch is ENOSYS
143,sched_getparam,unsupported-ok,,,,SYS_sched_getparam=143,SYS_setuid(1343),yes,legacy alias exists in disabled compatibility block; default dispatch is ENOSYS
144,sched_setscheduler,native-ok,SYS_sched_setscheduler_x86,sys_sched_setscheduler,SYS_sched_setscheduler_x86,SYS_sched_setscheduler=144,SYS_setgid(1344),no,native number is wired to matching handler
145,sched_getscheduler,native-ok,SYS_sched_getscheduler_x86,sys_sched_getscheduler,SYS_sched_getscheduler_x86,SYS_sched_getscheduler=145,SYS_setreuid(1345),no,native number is wired to matching handler
146,sched_get_priority_max,native-ok,SYS_sched_get_priority_max_x86,sys_sched_get_priority_max,SYS_sched_get_priority_max_x86,SYS_sched_get_priority_max=146,SYS_setregid(1346),no,native number is wired to matching handler
147,sched_get_priority_min,native-ok,SYS_sched_get_priority_min_x86,sys_sched_get_priority_min,SYS_sched_get_priority_min_x86,SYS_sched_get_priority_min=147,SYS_getgroups(1347),no,native number is wired to matching handler
148,sched_rr_get_interval,native-ok,SYS_sched_rr_get_interval_x86,sys_sched_rr_get_interval,SYS_sched_rr_get_interval_x86,SYS_sched_rr_get_interval=148,SYS_setgroups(1348),no,native number is wired to matching handler
149,mlock,native-ok,SYS_mlock_x86,sys_mlock,SYS_mlock_x86,SYS_mlock=149,,yes,native number is wired to matching handler
150,munlock,native-ok,SYS_munlock_x86,sys_munlock,SYS_munlock_x86,SYS_munlock=150,,yes,native number is wired to matching handler
151,mlockall,native-ok,SYS_mlockall_x86,sys_mlockall,SYS_mlockall_x86,SYS_mlockall=151,,yes,native number is wired to matching handler
152,munlockall,native-ok,SYS_munlockall_x86,sys_munlockall,SYS_munlockall_x86,SYS_munlockall=152,,yes,native number is wired to matching handler
153,vhangup,unsupported-ok,,,,SYS_vhangup=153,,no,unmapped default dispatch returns ENOSYS
154,modify_ldt,unsupported-ok,,,,SYS_modify_ldt=154,,no,unmapped default dispatch returns ENOSYS
155,pivot_root,unsupported-ok,,,,SYS_pivot_root=155,,no,unmapped default dispatch returns ENOSYS
156,_sysctl,unsupported-ok,,,,SYS__sysctl=156,,no,unmapped default dispatch returns ENOSYS
157,prctl,native-ok,SYS_prctl_x86,sys_prctl,SYS_prctl_x86,SYS_prctl=157,,yes,native number is wired to matching handler
158,arch_prctl,struct-risk,SYS_arch_prctl,sys_arch_prctl,SYS_arch_prctl,SYS_arch_prctl=158,,no,native number is wired; audit structs/flags/semantics
159,adjtimex,unsupported-ok,,,,SYS_adjtimex=159,,no,unmapped default dispatch returns ENOSYS
160,setrlimit,struct-risk,SYS_setrlimit_x86,sys_setrlimit,SYS_setrlimit_x86,SYS_setrlimit=160,,no,native number is wired; audit structs/flags/semantics
161,chroot,native-ok,SYS_chroot_x86,sys_chroot,SYS_chroot_x86,SYS_chroot=161,,no,native number is wired to matching handler
162,sync,native-ok,SYS_sync_x86,sys_sync,SYS_sync_x86,SYS_sync=162,,no,native number is wired to matching handler
163,acct,unsupported-ok,,,,SYS_acct=163,,no,unmapped default dispatch returns ENOSYS
164,settimeofday,unsupported-ok,,,,SYS_settimeofday=164,,no,unmapped default dispatch returns ENOSYS
165,mount,native-ok,SYS_mount_x86,sys_mount,SYS_mount_x86,SYS_mount=165,,no,native number is wired to matching handler
166,umount2,native-ok,SYS_umount2_x86,sys_umount,SYS_umount2_x86,SYS_umount2=166,,no,native number is wired to matching handler
167,swapon,unsupported-ok,,,SYS_prctl_generic,SYS_swapon=167,,yes,unmapped default dispatch returns ENOSYS
168,swapoff,unsupported-ok,,,,SYS_swapoff=168,,no,unmapped default dispatch returns ENOSYS
169,reboot,native-ok,SYS_reboot_x86,sys_reboot,SYS_gettimeofday_generic;SYS_reboot_x86,SYS_reboot=169,,yes,native number is wired to matching handler
170,sethostname,unsupported-ok,,,,SYS_sethostname=170,,no,unmapped default dispatch returns ENOSYS
171,setdomainname,unsupported-ok,,,,SYS_setdomainname=171,,no,unmapped default dispatch returns ENOSYS
172,iopl,unsupported-ok,,,,SYS_iopl=172,,no,unmapped default dispatch returns ENOSYS
173,ioperm,unsupported-ok,,,,SYS_ioperm=173,,no,unmapped default dispatch returns ENOSYS
174,create_module,unsupported-ok,,,,SYS_create_module=174,,no,unmapped default dispatch returns ENOSYS
175,init_module,unsupported-ok,,,,SYS_init_module=175,,no,unmapped default dispatch returns ENOSYS
176,delete_module,unsupported-ok,,,,SYS_delete_module=176,,no,unmapped default dispatch returns ENOSYS
177,get_kernel_syms,unsupported-ok,,,,SYS_get_kernel_syms=177,,no,unmapped default dispatch returns ENOSYS
178,query_module,unsupported-ok,,,SYS_gettid_generic,SYS_query_module=178,,yes,unmapped default dispatch returns ENOSYS
179,quotactl,unsupported-ok,,,SYS_sysinfo_generic,SYS_quotactl=179,,yes,unmapped default dispatch returns ENOSYS
180,nfsservctl,unsupported-ok,,,,SYS_nfsservctl=180,,no,unmapped default dispatch returns ENOSYS
181,getpmsg,unsupported-ok,,,,SYS_getpmsg=181,,no,unmapped default dispatch returns ENOSYS
182,putpmsg,unsupported-ok,,,,SYS_putpmsg=182,,no,unmapped default dispatch returns ENOSYS
183,afs_syscall,unsupported-ok,,,,SYS_afs_syscall=183,,no,unmapped default dispatch returns ENOSYS
184,tuxcall,unsupported-ok,,,,SYS_tuxcall=184,,no,unmapped default dispatch returns ENOSYS
185,security,unsupported-ok,,,,SYS_security=185,,no,unmapped default dispatch returns ENOSYS
186,gettid,native-ok,SYS_gettid_x86,sys_gettid,SYS_gettid_x86,SYS_gettid=186,,yes,native number is wired to matching handler
187,readahead,unsupported-ok,,,,SYS_readahead=187,,no,unmapped default dispatch returns ENOSYS
188,setxattr,unsupported-ok,,,,SYS_setxattr=188,,no,unmapped default dispatch returns ENOSYS
189,lsetxattr,unsupported-ok,,,,SYS_lsetxattr=189,,no,unmapped default dispatch returns ENOSYS
190,fsetxattr,unsupported-ok,,,,SYS_fsetxattr=190,,no,unmapped default dispatch returns ENOSYS
191,getxattr,unsupported-ok,,,,SYS_getxattr=191,,no,unmapped default dispatch returns ENOSYS
192,lgetxattr,unsupported-ok,,,,SYS_lgetxattr=192,,no,unmapped default dispatch returns ENOSYS
193,fgetxattr,unsupported-ok,,,,SYS_fgetxattr=193,,no,unmapped default dispatch returns ENOSYS
194,listxattr,unsupported-ok,,,,SYS_listxattr=194,,no,unmapped default dispatch returns ENOSYS
195,llistxattr,unsupported-ok,,,,SYS_llistxattr=195,,no,unmapped default dispatch returns ENOSYS
196,flistxattr,unsupported-ok,,,,SYS_flistxattr=196,,no,unmapped default dispatch returns ENOSYS
197,removexattr,unsupported-ok,,,,SYS_removexattr=197,,no,unmapped default dispatch returns ENOSYS
198,lremovexattr,unsupported-ok,,,,SYS_lremovexattr=198,,no,unmapped default dispatch returns ENOSYS
199,fremovexattr,unsupported-ok,,,,SYS_fremovexattr=199,,no,unmapped default dispatch returns ENOSYS
200,tkill,native-ok,SYS_tkill_x86,sys_tkill,SYS_tkill_x86,SYS_tkill=200,,no,native number is wired to matching handler
201,time,unsupported-ok,,,,SYS_time=201,,no,unmapped default dispatch returns ENOSYS
202,futex,native-ok,SYS_futex_x86,sys_futex,SYS_futex_x86,SYS_futex=202,,no,native number is wired to matching handler
203,sched_setaffinity,native-ok,SYS_sched_setaffinity_x86,sys_sched_setaffinity,SYS_sched_setaffinity_x86,SYS_sched_setaffinity=203,,yes,native number is wired to matching handler
204,sched_getaffinity,native-ok,SYS_sched_getaffinity_x86,sys_sched_getaffinity,SYS_sched_getaffinity_x86,SYS_sched_getaffinity=204,,yes,native number is wired to matching handler
205,set_thread_area,unsupported-ok,,,,SYS_set_thread_area=205,,no,unmapped default dispatch returns ENOSYS
206,io_setup,unsupported-ok,,,,SYS_io_setup=206,,no,unmapped default dispatch returns ENOSYS
207,io_destroy,unsupported-ok,,,,SYS_io_destroy=207,,no,unmapped default dispatch returns ENOSYS
208,io_getevents,unsupported-ok,,,,SYS_io_getevents=208,,no,unmapped default dispatch returns ENOSYS
209,io_submit,unsupported-ok,,,,SYS_io_submit=209,,no,unmapped default dispatch returns ENOSYS
210,io_cancel,unsupported-ok,,,,SYS_io_cancel=210,,no,unmapped default dispatch returns ENOSYS
211,get_thread_area,unsupported-ok,,,,SYS_get_thread_area=211,,no,unmapped default dispatch returns ENOSYS
212,lookup_dcookie,unsupported-ok,,,,SYS_lookup_dcookie=212,,no,unmapped default dispatch returns ENOSYS
213,epoll_create,native-ok,SYS_epoll_create,sys_epoll_create,SYS_epoll_create,SYS_epoll_create=213,,no,native number is wired to matching handler
214,epoll_ctl_old,unsupported-ok,,,SYS_brk_generic,SYS_epoll_ctl_old=214,,no,unmapped default dispatch returns ENOSYS
215,epoll_wait_old,unsupported-ok,,,SYS_munmap_generic,SYS_epoll_wait_old=215,,yes,unmapped default dispatch returns ENOSYS
216,remap_file_pages,unsupported-ok,,,SYS_mremap_generic,SYS_remap_file_pages=216,,no,unmapped default dispatch returns ENOSYS
217,getdents64,struct-risk,SYS_getdents64_x86,sys_getdents,SYS_getdents64_x86,SYS_getdents64=217,,yes,native number is wired; audit structs/flags/semantics
218,set_tid_address,native-ok,SYS_set_tid_address_x86,sys_set_tid_address,SYS_set_tid_address_x86,SYS_set_tid_address=218,,yes,native number is wired to matching handler
219,restart_syscall,unsupported-ok,,,,SYS_restart_syscall=219,,no,unmapped default dispatch returns ENOSYS
220,semtimedop,native-ok,SYS_semtimedop_x86,sys_semtimedop,SYS_semtimedop_x86,SYS_semtimedop=220,,no,native number is wired to matching handler
221,fadvise64,native-ok,SYS_fadvise64_x86,sys_fadvise64,SYS_fadvise64_x86,SYS_fadvise64=221,,no,native number is wired to matching handler
222,timer_create,unsupported-ok,,,SYS_mmap_generic,SYS_timer_create=222,,yes,unmapped default dispatch returns ENOSYS
223,timer_settime,unsupported-ok,,,,SYS_timer_settime=223,,no,unmapped default dispatch returns ENOSYS
224,timer_gettime,unsupported-ok,,,,SYS_timer_gettime=224,,no,unmapped default dispatch returns ENOSYS
225,timer_getoverrun,unsupported-ok,,,,SYS_timer_getoverrun=225,,no,unmapped default dispatch returns ENOSYS
226,timer_delete,unsupported-ok,,,SYS_mprotect_generic,SYS_timer_delete=226,,no,unmapped default dispatch returns ENOSYS
227,clock_settime,native-ok,SYS_clock_settime_x86,sys_clock_settime,SYS_clock_settime_x86;SYS_msync_generic,SYS_clock_settime=227,,yes,native number is wired to matching handler
228,clock_gettime,native-ok,SYS_clock_gettime_x86,sys_clock_gettime,SYS_clock_gettime_x86;SYS_mlock_generic,SYS_clock_gettime=228,,yes,native number is wired to matching handler
229,clock_getres,native-ok,SYS_clock_getres_x86,sys_clock_getres,SYS_clock_getres_x86;SYS_munlock_generic,SYS_clock_getres=229,,yes,native number is wired to matching handler
230,clock_nanosleep,native-ok,SYS_clock_nanosleep_x86,sys_clock_nanosleep,SYS_clock_nanosleep_x86;SYS_mlockall_generic,SYS_clock_nanosleep=230,,yes,native number is wired to matching handler
231,exit_group,native-ok,SYS_exit_group_x86,sys_exit_group,SYS_exit_group_x86;SYS_munlockall_generic,SYS_exit_group=231,,yes,native number is wired to matching handler
232,epoll_wait,struct-risk,SYS_epoll_wait,sys_epoll_wait,SYS_epoll_wait;SYS_mincore_generic,SYS_epoll_wait=232,,no,native number is wired; audit structs/flags/semantics
233,epoll_ctl,struct-risk,SYS_epoll_ctl,sys_epoll_ctl,SYS_epoll_ctl;SYS_madvise_generic,SYS_epoll_ctl=233,,no,native number is wired; audit structs/flags/semantics
234,tgkill,native-ok,SYS_tgkill_x86,sys_tgkill,SYS_tgkill_x86,SYS_tgkill=234,,no,native number is wired to matching handler
235,utimes,unsupported-ok,,,,SYS_utimes=235,,no,unmapped default dispatch returns ENOSYS
236,vserver,unsupported-ok,,,,SYS_vserver=236,,no,unmapped default dispatch returns ENOSYS
237,mbind,unsupported-ok,,,,SYS_mbind=237,,no,unmapped default dispatch returns ENOSYS
238,set_mempolicy,unsupported-ok,,,,SYS_set_mempolicy=238,,no,unmapped default dispatch returns ENOSYS
239,get_mempolicy,unsupported-ok,,,,SYS_get_mempolicy=239,,no,unmapped default dispatch returns ENOSYS
240,mq_open,unsupported-ok,,,,SYS_mq_open=240,,no,unmapped default dispatch returns ENOSYS
241,mq_unlink,unsupported-ok,,,,SYS_mq_unlink=241,,no,unmapped default dispatch returns ENOSYS
242,mq_timedsend,unsupported-ok,,,,SYS_mq_timedsend=242,,no,unmapped default dispatch returns ENOSYS
243,mq_timedreceive,unsupported-ok,,,,SYS_mq_timedreceive=243,,no,unmapped default dispatch returns ENOSYS
244,mq_notify,unsupported-ok,,,,SYS_mq_notify=244,,no,unmapped default dispatch returns ENOSYS
245,mq_getsetattr,unsupported-ok,,,,SYS_mq_getsetattr=245,,no,unmapped default dispatch returns ENOSYS
246,kexec_load,unsupported-ok,,,,SYS_kexec_load=246,,no,unmapped default dispatch returns ENOSYS
247,waitid,unsupported-ok,,,,SYS_waitid=247,,no,unmapped default dispatch returns ENOSYS
248,add_key,unsupported-ok,,,,SYS_add_key=248,,no,unmapped default dispatch returns ENOSYS
249,request_key,unsupported-ok,,,,SYS_request_key=249,,no,unmapped default dispatch returns ENOSYS
250,keyctl,unsupported-ok,,,,SYS_keyctl=250,,no,unmapped default dispatch returns ENOSYS
251,ioprio_set,unsupported-ok,,,,SYS_ioprio_set=251,,no,unmapped default dispatch returns ENOSYS
252,ioprio_get,unsupported-ok,,,,SYS_ioprio_get=252,,no,unmapped default dispatch returns ENOSYS
253,inotify_init,unsupported-ok,,,,SYS_inotify_init=253,,no,unmapped default dispatch returns ENOSYS
254,inotify_add_watch,unsupported-ok,,,,SYS_inotify_add_watch=254,,no,unmapped default dispatch returns ENOSYS
255,inotify_rm_watch,unsupported-ok,,,,SYS_inotify_rm_watch=255,,no,unmapped default dispatch returns ENOSYS
256,migrate_pages,unsupported-ok,,,,SYS_migrate_pages=256,,no,unmapped default dispatch returns ENOSYS
257,openat,struct-risk,SYS_openat_x86,sys_vfs_openat,SYS_openat_x86,SYS_openat=257,,yes,native number is wired; audit structs/flags/semantics
258,mkdirat,native-ok,SYS_mkdirat_x86,sys_vfs_mkdirat,SYS_mkdirat_x86,SYS_mkdirat=258,,no,native number is wired to matching handler
259,mknodat,native-ok,SYS_mknodat_x86,sys_vfs_mknodat,SYS_mknodat_x86,SYS_mknodat=259,,no,native number is wired to matching handler
260,fchownat,native-ok,SYS_fchownat_x86,sys_vfs_fchownat,SYS_fchownat_x86,SYS_fchownat=260,,no,native number is wired to matching handler
261,futimesat,unsupported-ok,,,SYS_prlimit64_generic,SYS_futimesat=261,,yes,unmapped default dispatch returns ENOSYS
262,newfstatat,struct-risk,SYS_newfstatat_x86,sys_vfs_fstatat,SYS_newfstatat_x86,SYS_newfstatat=262,,yes,native number is wired; audit structs/flags/semantics
263,unlinkat,native-ok,SYS_unlinkat_x86,sys_vfs_unlinkat,SYS_unlinkat_x86,SYS_unlinkat=263,,no,native number is wired to matching handler
264,renameat,native-ok,SYS_renameat_x86,sys_vfs_renameat,SYS_renameat_x86,SYS_renameat=264,,no,native number is wired to matching handler
265,linkat,native-ok,SYS_linkat_x86,sys_vfs_linkat,SYS_linkat_x86,SYS_linkat=265,,no,native number is wired to matching handler
266,symlinkat,native-ok,SYS_symlinkat_x86,sys_vfs_symlinkat,SYS_symlinkat_x86,SYS_symlinkat=266,,no,native number is wired to matching handler
267,readlinkat,native-ok,SYS_readlinkat_x86,sys_vfs_readlinkat,SYS_readlinkat_x86,SYS_readlinkat=267,,yes,native number is wired to matching handler
268,fchmodat,native-ok,SYS_fchmodat_x86,sys_vfs_fchmodat,SYS_fchmodat_x86,SYS_fchmodat=268,,no,native number is wired to matching handler
269,faccessat,native-ok,SYS_faccessat_x86,sys_vfs_faccessat,SYS_faccessat_x86,SYS_faccessat=269,,yes,native number is wired to matching handler
270,pselect6,struct-risk,SYS_pselect6_x86,sys_pselect6,SYS_pselect6_x86,SYS_pselect6=270,,no,native number is wired; audit structs/flags/semantics
271,ppoll,struct-risk,SYS_ppoll_x86,sys_vfs_ppoll,SYS_ppoll_x86,SYS_ppoll=271,,no,native number is wired; audit structs/flags/semantics
272,unshare,unsupported-ok,,,,SYS_unshare=272,,no,unmapped default dispatch returns ENOSYS
273,set_robust_list,native-ok,SYS_set_robust_list_x86,sys_set_robust_list,SYS_set_robust_list_x86,SYS_set_robust_list=273,,no,native number is wired to matching handler
274,get_robust_list,native-ok,SYS_get_robust_list_x86,sys_get_robust_list,SYS_get_robust_list_x86,SYS_get_robust_list=274,,no,native number is wired to matching handler
275,splice,unsupported-ok,,,,SYS_splice=275,,no,unmapped default dispatch returns ENOSYS
276,tee,unsupported-ok,,,,SYS_tee=276,,no,unmapped default dispatch returns ENOSYS
277,sync_file_range,unsupported-ok,,,,SYS_sync_file_range=277,,no,unmapped default dispatch returns ENOSYS
278,vmsplice,unsupported-ok,,,SYS_getrandom_generic,SYS_vmsplice=278,,no,unmapped default dispatch returns ENOSYS
279,move_pages,unsupported-ok,,,SYS_memfd_create_generic,SYS_move_pages=279,,yes,unmapped default dispatch returns ENOSYS
280,utimensat,native-ok,SYS_utimensat_x86,sys_utimensat,SYS_utimensat_x86,SYS_utimensat=280,,no,native number is wired to matching handler
281,epoll_pwait,struct-risk,SYS_epoll_pwait,sys_epoll_pwait,SYS_epoll_pwait,SYS_epoll_pwait=281,,no,native number is wired; audit structs/flags/semantics
282,signalfd,unsupported-ok,,,,SYS_signalfd=282,,no,unmapped default dispatch returns ENOSYS
283,timerfd_create,native-ok,SYS_timerfd_create_x86,sys_timerfd_create,SYS_membarrier_generic;SYS_timerfd_create_x86,SYS_timerfd_create=283,,yes,native number is wired to matching handler
284,eventfd,unsupported-ok,,,SYS_mlock2_generic,SYS_eventfd=284,,yes,unmapped default dispatch returns ENOSYS
285,fallocate,native-ok,SYS_fallocate_x86,sys_fallocate,SYS_fallocate_x86,SYS_fallocate=285,,no,native number is wired to matching handler
286,timerfd_settime,struct-risk,SYS_timerfd_settime_x86,sys_timerfd_settime,SYS_timerfd_settime_x86,SYS_timerfd_settime=286,,no,native number is wired; audit structs/flags/semantics
287,timerfd_gettime,struct-risk,SYS_timerfd_gettime_x86,sys_timerfd_gettime,SYS_timerfd_gettime_x86,SYS_timerfd_gettime=287,,no,native number is wired; audit structs/flags/semantics
288,accept4,struct-risk,SYS_accept4_x86,sys_accept4,SYS_accept4_x86,SYS_accept4=288,,no,native number is wired; audit structs/flags/semantics
289,signalfd4,unsupported-ok,,,,SYS_signalfd4=289,,no,unmapped default dispatch returns ENOSYS
290,eventfd2,native-ok,SYS_eventfd2,sys_eventfd2,SYS_eventfd2,SYS_eventfd2=290,,no,native number is wired to matching handler
291,epoll_create1,native-ok,SYS_epoll_create1,sys_epoll_create1,SYS_epoll_create1;SYS_statx_generic,SYS_epoll_create1=291,,yes,native number is wired to matching handler
292,dup3,native-ok,SYS_dup3_x86,sys_vfs_dup3,SYS_dup3_x86,SYS_dup3=292,,yes,native number is wired to matching handler
293,pipe2,struct-risk,SYS_pipe2_x86,sys_vfs_pipe2,SYS_pipe2_x86,SYS_pipe2=293,,yes,native number is wired; audit structs/flags/semantics
294,inotify_init1,unsupported-ok,,,,SYS_inotify_init1=294,,no,unmapped default dispatch returns ENOSYS
295,preadv,struct-risk,SYS_preadv_x86,sys_vfs_preadv,SYS_preadv_x86,SYS_preadv=295,,yes,native number is wired; audit structs/flags/semantics
296,pwritev,struct-risk,SYS_pwritev_x86,sys_vfs_pwritev,SYS_pwritev_x86,SYS_pwritev=296,,yes,native number is wired; audit structs/flags/semantics
297,rt_tgsigqueueinfo,unsupported-ok,,,,SYS_rt_tgsigqueueinfo=297,,no,unmapped default dispatch returns ENOSYS
298,perf_event_open,unsupported-ok,,,,SYS_perf_event_open=298,,no,unmapped default dispatch returns ENOSYS
299,recvmmsg,native-ok,SYS_recvmmsg_x86;SYS_recvmmsg_x86,sys_recvmmsg;sys_ni_enosys,SYS_recvmmsg_x86,SYS_recvmmsg=299,,no,native number is wired to matching handler
300,fanotify_init,unsupported-ok,,,,SYS_fanotify_init=300,,no,unmapped default dispatch returns ENOSYS
301,fanotify_mark,unsupported-ok,,,,SYS_fanotify_mark=301,,no,unmapped default dispatch returns ENOSYS
302,prlimit64,native-ok,SYS_prlimit64_x86,sys_prlimit64,SYS_prlimit64_x86,SYS_prlimit64=302,,yes,native number is wired to matching handler
303,name_to_handle_at,unsupported-ok,,,,SYS_name_to_handle_at=303,,no,unmapped default dispatch returns ENOSYS
304,open_by_handle_at,unsupported-ok,,,,SYS_open_by_handle_at=304,,no,unmapped default dispatch returns ENOSYS
305,clock_adjtime,unsupported-ok,,,,SYS_clock_adjtime=305,,no,unmapped default dispatch returns ENOSYS
306,syncfs,unsupported-ok,,,,SYS_syncfs=306,,no,unmapped default dispatch returns ENOSYS
307,sendmmsg,struct-risk,SYS_sendmmsg_x86,sys_sendmmsg,SYS_sendmmsg_x86,SYS_sendmmsg=307,,no,native number is wired; audit structs/flags/semantics
308,setns,unsupported-ok,,,,SYS_setns=308,,no,unmapped default dispatch returns ENOSYS
309,getcpu,unsupported-ok,,,,SYS_getcpu=309,,no,unmapped default dispatch returns ENOSYS
310,process_vm_readv,unsupported-ok,,,,SYS_process_vm_readv=310,,no,unmapped default dispatch returns ENOSYS
311,process_vm_writev,unsupported-ok,,,,SYS_process_vm_writev=311,,no,unmapped default dispatch returns ENOSYS
312,kcmp,unsupported-ok,,,,SYS_kcmp=312,,no,unmapped default dispatch returns ENOSYS
313,finit_module,unsupported-ok,,,,SYS_finit_module=313,,no,unmapped default dispatch returns ENOSYS
314,sched_setattr,unsupported-ok,,,,SYS_sched_setattr=314,,no,unmapped default dispatch returns ENOSYS
315,sched_getattr,unsupported-ok,,,,SYS_sched_getattr=315,,no,unmapped default dispatch returns ENOSYS
316,renameat2,native-ok,SYS_renameat2_x86,sys_vfs_renameat,SYS_renameat2_x86,SYS_renameat2=316,,no,native number is wired to matching handler
317,seccomp,unsupported-ok,,,,SYS_seccomp=317,,no,unmapped default dispatch returns ENOSYS
318,getrandom,native-ok,SYS_getrandom_x86,sys_getrandom,SYS_getrandom_x86,SYS_getrandom=318,,no,native number is wired to matching handler
319,memfd_create,native-ok,SYS_memfd_create_x86,sys_memfd_create,SYS_memfd_create_x86,SYS_memfd_create=319,,no,native number is wired to matching handler
320,kexec_file_load,unsupported-ok,,,,SYS_kexec_file_load=320,,no,unmapped default dispatch returns ENOSYS
321,bpf,unsupported-ok,,,,SYS_bpf=321,,no,unmapped default dispatch returns ENOSYS
322,execveat,unsupported-ok,,,,SYS_execveat=322,,no,unmapped default dispatch returns ENOSYS
323,userfaultfd,unsupported-ok,,,,SYS_userfaultfd=323,,no,unmapped default dispatch returns ENOSYS
324,membarrier,native-ok,SYS_membarrier_x86,sys_membarrier,SYS_membarrier_x86,SYS_membarrier=324,,yes,native number is wired to matching handler
325,mlock2,native-ok,SYS_mlock2_x86,sys_mlock2,SYS_mlock2_x86,SYS_mlock2=325,,yes,native number is wired to matching handler
326,copy_file_range,unsupported-ok,,,,SYS_copy_file_range=326,,no,unmapped default dispatch returns ENOSYS
327,preadv2,struct-risk,SYS_preadv2_x86,sys_vfs_preadv2,SYS_preadv2_x86,SYS_preadv2=327,,yes,native number is wired; audit structs/flags/semantics
328,pwritev2,struct-risk,SYS_pwritev2_x86,sys_vfs_pwritev2,SYS_pwritev2_x86,SYS_pwritev2=328,,yes,native number is wired; audit structs/flags/semantics
329,pkey_mprotect,unsupported-ok,,,,SYS_pkey_mprotect=329,,no,unmapped default dispatch returns ENOSYS
330,pkey_alloc,unsupported-ok,,,,SYS_pkey_alloc=330,,no,unmapped default dispatch returns ENOSYS
331,pkey_free,unsupported-ok,,,,SYS_pkey_free=331,,no,unmapped default dispatch returns ENOSYS
332,statx,struct-risk,SYS_statx_x86,sys_statx,SYS_statx_x86,SYS_statx=332,,yes,native number is wired; audit structs/flags/semantics
333,io_pgetevents,unsupported-ok,,,,SYS_io_pgetevents=333,,no,unmapped default dispatch returns ENOSYS
334,rseq,unsupported-ok,,,,SYS_rseq=334,,no,unmapped default dispatch returns ENOSYS
424,pidfd_send_signal,unsupported-ok,,,,SYS_pidfd_send_signal=424,,no,unmapped default dispatch returns ENOSYS
425,io_uring_setup,unsupported-ok,,,,SYS_io_uring_setup=425,,no,unmapped default dispatch returns ENOSYS
426,io_uring_enter,unsupported-ok,,,,SYS_io_uring_enter=426,,no,unmapped default dispatch returns ENOSYS
427,io_uring_register,unsupported-ok,,,,SYS_io_uring_register=427,,no,unmapped default dispatch returns ENOSYS
428,open_tree,unsupported-ok,,,,SYS_open_tree=428,,no,unmapped default dispatch returns ENOSYS
429,move_mount,unsupported-ok,,,,SYS_move_mount=429,,no,unmapped default dispatch returns ENOSYS
430,fsopen,unsupported-ok,,,,SYS_fsopen=430,,no,unmapped default dispatch returns ENOSYS
431,fsconfig,unsupported-ok,,,,SYS_fsconfig=431,,no,unmapped default dispatch returns ENOSYS
432,fsmount,unsupported-ok,,,,SYS_fsmount=432,,no,unmapped default dispatch returns ENOSYS
433,fspick,unsupported-ok,,,,SYS_fspick=433,,no,unmapped default dispatch returns ENOSYS
434,pidfd_open,unsupported-ok,,,,SYS_pidfd_open=434,,no,unmapped default dispatch returns ENOSYS
435,clone3,struct-risk,SYS_clone3_x86,sys_clone3,SYS_clone3_generic;SYS_clone3_x86,SYS_clone3=435,,no,native number is wired; audit structs/flags/semantics
436,close_range,unsupported-ok,,,,SYS_close_range=436,,no,unmapped default dispatch returns ENOSYS
437,openat2,unsupported-ok,,,,SYS_openat2=437,,no,unmapped default dispatch returns ENOSYS
438,pidfd_getfd,unsupported-ok,,,,SYS_pidfd_getfd=438,,no,unmapped default dispatch returns ENOSYS
439,faccessat2,native-ok,SYS_faccessat2_x86,sys_vfs_faccessat,SYS_faccessat2_x86,SYS_faccessat2=439,,no,native number is wired to matching handler
440,process_madvise,unsupported-ok,,,,SYS_process_madvise=440,,no,unmapped default dispatch returns ENOSYS
441,epoll_pwait2,struct-risk,SYS_epoll_pwait2,sys_epoll_pwait2,SYS_epoll_pwait2,SYS_epoll_pwait2=441,,no,native number is wired; audit structs/flags/semantics
442,mount_setattr,unsupported-ok,,,,SYS_mount_setattr=442,,no,unmapped default dispatch returns ENOSYS
443,quotactl_fd,unsupported-ok,,,,SYS_quotactl_fd=443,,no,unmapped default dispatch returns ENOSYS
444,landlock_create_ruleset,unsupported-ok,,,,SYS_landlock_create_ruleset=444,,no,unmapped default dispatch returns ENOSYS
445,landlock_add_rule,unsupported-ok,,,,SYS_landlock_add_rule=445,,no,unmapped default dispatch returns ENOSYS
446,landlock_restrict_self,unsupported-ok,,,,SYS_landlock_restrict_self=446,,no,unmapped default dispatch returns ENOSYS
447,memfd_secret,unsupported-ok,,,,SYS_memfd_secret=447,,no,unmapped default dispatch returns ENOSYS
448,process_mrelease,unsupported-ok,,,,SYS_process_mrelease=448,,no,unmapped default dispatch returns ENOSYS
449,futex_waitv,unsupported-ok,,,,SYS_futex_waitv=449,,no,unmapped default dispatch returns ENOSYS
450,set_mempolicy_home_node,unsupported-ok,,,,SYS_set_mempolicy_home_node=450,,no,unmapped default dispatch returns ENOSYS
451,cachestat,unsupported-ok,,,,SYS_cachestat=451,,no,unmapped default dispatch returns ENOSYS
452,fchmodat2,unsupported-ok,,,,SYS_fchmodat2=452,,no,unmapped default dispatch returns ENOSYS
453,map_shadow_stack,unsupported-ok,,,,SYS_map_shadow_stack=453,,no,unmapped default dispatch returns ENOSYS
454,futex_wake,unsupported-ok,,,,SYS_futex_wake=454,,no,unmapped default dispatch returns ENOSYS
455,futex_wait,unsupported-ok,,,,SYS_futex_wait=455,,no,unmapped default dispatch returns ENOSYS
456,futex_requeue,unsupported-ok,,,,SYS_futex_requeue=456,,no,unmapped default dispatch returns ENOSYS
457,statmount,unsupported-ok,,,,SYS_statmount=457,,no,unmapped default dispatch returns ENOSYS
458,listmount,unsupported-ok,,,,SYS_listmount=458,,no,unmapped default dispatch returns ENOSYS
459,lsm_get_self_attr,unsupported-ok,,,,SYS_lsm_get_self_attr=459,,no,unmapped default dispatch returns ENOSYS
460,lsm_set_self_attr,unsupported-ok,,,,SYS_lsm_set_self_attr=460,,no,unmapped default dispatch returns ENOSYS
461,lsm_list_modules,unsupported-ok,,,,SYS_lsm_list_modules=461,,no,unmapped default dispatch returns ENOSYS
